{
  "version": 1,
  "author": "Anonymous maker",
  "editor": "wokwi",
  "parts": [
    {
      "type": "wokwi-breadboard-half",
      "id": "bb1",
      "top": -89.8,
      "left": -187.8,
      "rotate": 180,
      "attrs": {}
    },
    { "type": "wokwi-arduino-uno", "id": "uno", "top": 67.8, "left": -0.6, "attrs": {} },
    {
      "type": "wokwi-led",
      "id": "led1",
      "top": -13.2,
      "left": -82.6,
      "attrs": { "color": "red" }
    },
    {
      "type": "wokwi-resistor",
      "id": "r1",
      "top": 33.05,
      "left": -59,
      "rotate": 180,
      "attrs": { "value": "1000" }
    }
  ],
  "connections": [
    [ "uno:GND.1", "led1:C", "black", [ "h-182.1", "v-48" ] ],
    [ "led1:A", "bb1:19t.e", "", [ "$bb" ] ],
    [ "led1:C", "bb1:20t.e", "", [ "$bb" ] ],
    [ "r1:1", "bb1:13t.d", "", [ "$bb" ] ],
    [ "r1:2", "bb1:19t.d", "", [ "$bb" ] ],
    [ "r1:1", "uno:8", "green", [ "v0" ] ]
  ],
  "dependencies": {}
}