{
  "version": 1,
  "author": "Anonymous maker",
  "editor": "wokwi",
  "parts": [
    {
      "type": "wokwi-breadboard-half",
      "id": "bb1",
      "top": -89.8,
      "left": -187.8,
      "rotate": 180,
      "attrs": {}
    },
    { "type": "wokwi-arduino-uno", "id": "uno", "top": 144.6, "left": -231, "attrs": {} },
    {
      "type": "wokwi-led",
      "id": "led1",
      "top": -13.2,
      "left": -159.4,
      "attrs": { "color": "red" }
    },
    {
      "type": "wokwi-resistor",
      "id": "r1",
      "top": 33.05,
      "left": -135.8,
      "rotate": 180,
      "attrs": { "value": "1000" }
    },
    {
      "type": "wokwi-led",
      "id": "led2",
      "top": -13.2,
      "left": -73,
      "attrs": { "color": "limegreen" }
    },
    {
      "type": "wokwi-resistor",
      "id": "r2",
      "top": 33.05,
      "left": -49.4,
      "rotate": 180,
      "attrs": { "value": "1000" }
    },
    {
      "type": "wokwi-led",
      "id": "led3",
      "top": -13.2,
      "left": 13.4,
      "attrs": { "color": "yellow" }
    },
    {
      "type": "wokwi-resistor",
      "id": "r3",
      "top": 33.05,
      "left": 37,
      "rotate": 180,
      "attrs": { "value": "1000" }
    }
  ],
  "connections": [
    [ "r1:1", "uno:8", "green", [ "v0" ] ],
    [ "led1:A", "bb1:27t.e", "", [ "$bb" ] ],
    [ "led1:C", "bb1:28t.e", "", [ "$bb" ] ],
    [ "r1:1", "bb1:21t.d", "", [ "$bb" ] ],
    [ "r1:2", "bb1:27t.d", "", [ "$bb" ] ],
    [ "r2:1", "uno:9", "green", [ "v0" ] ],
    [ "uno:GND.1", "bb1:tn.21", "black", [ "v0" ] ],
    [ "bb1:tn.22", "led1:C", "green", [ "v-38.3", "h-11.2", "v-28.8" ] ],
    [ "bb1:tn.23", "led2:C", "green", [ "v-9.5", "h27.2", "v-28.8", "h57.2" ] ],
    [ "bb1:tn.24", "led3:C", "green", [ "h180.8", "v-67.1" ] ],
    [ "r2:1", "bb1:12t.d", "", [ "$bb" ] ],
    [ "r2:2", "bb1:18t.d", "", [ "$bb" ] ],
    [ "r3:1", "bb1:3t.d", "", [ "$bb" ] ],
    [ "r3:2", "bb1:9t.d", "", [ "$bb" ] ],
    [ "r3:1", "uno:10", "green", [ "v0" ] ],
    [ "led2:A", "bb1:18t.e", "", [ "$bb" ] ],
    [ "led2:C", "bb1:19t.e", "", [ "$bb" ] ],
    [ "led3:A", "bb1:9t.e", "", [ "$bb" ] ],
    [ "led3:C", "bb1:10t.e", "", [ "$bb" ] ]
  ],
  "dependencies": {}
}